motif_ID	motif_ALT_ID	motif_P-value	seq_ID	seq_Score	seq_Class	is_holdout?
1-CACHAGRKGGCRSTAKWGS	STREME-1	1.4e-034	chr16_55477007_55477026_-	26.73	tp	0
1-CACHAGRKGGCRSTAKWGS	STREME-1	1.4e-034	chr19_20345139_20345158_-	26.72	tp	0
1-CACHAGRKGGCRSTAKWGS	STREME-1	1.4e-034	chr14_8356080_8356099_+	26.25	tp	0
1-CACHAGRKGGCRSTAKWGS	STREME-1	1.4e-034	chr13_42822766_42822785_-	25.22	tp	0
1-CACHAGRKGGCRSTAKWGS	STREME-1	1.4e-034	chr3_22309169_22309188_+	24.85	tp	0
1-CACHAGRKGGCRSTAKWGS	STREME-1	1.4e-034	chr11_98372590_0_32286	24.17	fp	0
1-CACHAGRKGGCRSTAKWGS	STREME-1	1.4e-034	chr6_37046360_37046379_-	24.09	tp	0
1-CACHAGRKGGCRSTAKWGS	STREME-1	1.4e-034	chr16_10873763_0_3517	23.86	fp	0
1-CACHAGRKGGCRSTAKWGS	STREME-1	1.4e-034	chr7_126928754_1_1876	23.70	fp	0
1-CACHAGRKGGCRSTAKWGS	STREME-1	1.4e-034	chr2_172216028_172216047_-	23.65	tp	0
1-CACHAGRKGGCRSTAKWGS	STREME-1	1.4e-034	chr8_112046077_112046096_+	23.65	tp	0
1-CACHAGRKGGCRSTAKWGS	STREME-1	1.4e-034	chr8_24546416_24546435_-	23.60	tp	0
1-CACHAGRKGGCRSTAKWGS	STREME-1	1.4e-034	chr9_10909749_10909768_+	23.52	tp	0
1-CACHAGRKGGCRSTAKWGS	STREME-1	1.4e-034	chr10_120872696_0_80981	23.20	fp	0
1-CACHAGRKGGCRSTAKWGS	STREME-1	1.4e-034	chr6_64650100_64650119_-	23.09	tp	0
1-CACHAGRKGGCRSTAKWGS	STREME-1	1.4e-034	chr13_81439555_81439574_+	22.86	tp	1
1-CACHAGRKGGCRSTAKWGS	STREME-1	1.4e-034	chr1_179477243_179477262_-	22.67	tp	0
1-CACHAGRKGGCRSTAKWGS	STREME-1	1.4e-034	chr14_87452272_87452291_-	22.48	tp	0
1-CACHAGRKGGCRSTAKWGS	STREME-1	1.4e-034	chr10_102449646_102449665_+	22.47	tp	0
1-CACHAGRKGGCRSTAKWGS	STREME-1	1.4e-034	chr4_70621534_70621553_-	22.41	tp	0
1-CACHAGRKGGCRSTAKWGS	STREME-1	1.4e-034	chr4_87368249_87368268_+	22.36	tp	0
1-CACHAGRKGGCRSTAKWGS	STREME-1	1.4e-034	chr3_146185118_146185137_+	22.35	tp	0
1-CACHAGRKGGCRSTAKWGS	STREME-1	1.4e-034	chr14_29110853_29110872_-	22.34	tp	0
1-CACHAGRKGGCRSTAKWGS	STREME-1	1.4e-034	chr13_89543209_89543228_-	22.30	tp	0
1-CACHAGRKGGCRSTAKWGS	STREME-1	1.4e-034	chr8_50293731_50293750_-	22.21	tp	1
1-CACHAGRKGGCRSTAKWGS	STREME-1	1.4e-034	chr13_47301226_47301245_+	22.09	tp	0
1-CACHAGRKGGCRSTAKWGS	STREME-1	1.4e-034	chr8_35850579_35850598_-	21.88	tp	0
1-CACHAGRKGGCRSTAKWGS	STREME-1	1.4e-034	chr16_91936513_91936532_+	21.67	tp	0
1-CACHAGRKGGCRSTAKWGS	STREME-1	1.4e-034	chr11_77100318_77100337_+	21.53	tp	0
1-CACHAGRKGGCRSTAKWGS	STREME-1	1.4e-034	chr7_143153991_143154010_+	21.50	tp	1
1-CACHAGRKGGCRSTAKWGS	STREME-1	1.4e-034	chr7_68369840_68369859_+	21.49	tp	0
1-CACHAGRKGGCRSTAKWGS	STREME-1	1.4e-034	chr18_33790239_33790258_-	21.45	tp	0
1-CACHAGRKGGCRSTAKWGS	STREME-1	1.4e-034	chr4_151157133_151157152_+	21.24	tp	0
1-CACHAGRKGGCRSTAKWGS	STREME-1	1.4e-034	chr9_94738977_94738996_+	21.23	tp	0
1-CACHAGRKGGCRSTAKWGS	STREME-1	1.4e-034	chr13_109213169_109213188_-	21.20	tp	0
1-CACHAGRKGGCRSTAKWGS	STREME-1	1.4e-034	chr17_84191052_0_22885	21.13	fp	0
1-CACHAGRKGGCRSTAKWGS	STREME-1	1.4e-034	chr1_119087718_119087737_+	21.10	tp	0
1-CACHAGRKGGCRSTAKWGS	STREME-1	1.4e-034	chr14_12140095_12140114_-	21.00	tp	0
1-CACHAGRKGGCRSTAKWGS	STREME-1	1.4e-034	chr3_50906150_50906169_-	20.99	tp	1
1-CACHAGRKGGCRSTAKWGS	STREME-1	1.4e-034	chr6_103697533_103697552_-	20.97	tp	0
1-CACHAGRKGGCRSTAKWGS	STREME-1	1.4e-034	chr17_42603598_42603617_-	20.85	tp	0
1-CACHAGRKGGCRSTAKWGS	STREME-1	1.4e-034	chr15_101984508_101984527_-	20.83	tp	1
1-CACHAGRKGGCRSTAKWGS	STREME-1	1.4e-034	chr5_124617767_0_64354	20.79	fp	0
1-CACHAGRKGGCRSTAKWGS	STREME-1	1.4e-034	chr9_51152589_51152608_-	20.76	tp	0
1-CACHAGRKGGCRSTAKWGS	STREME-1	1.4e-034	chr10_86473785_1_56304	20.75	fp	0
1-CACHAGRKGGCRSTAKWGS	STREME-1	1.4e-034	chr7_37357852_37357871_-	20.72	tp	0
1-CACHAGRKGGCRSTAKWGS	STREME-1	1.4e-034	chr3_31146116_31146135_+	20.69	tp	0
1-CACHAGRKGGCRSTAKWGS	STREME-1	1.4e-034	chr2_48886252_48886271_-	20.64	tp	0
1-CACHAGRKGGCRSTAKWGS	STREME-1	1.4e-034	chr14_21120657_21120676_+	20.53	tp	1
1-CACHAGRKGGCRSTAKWGS	STREME-1	1.4e-034	chr1_86598680_86598699_+	20.52	tp	0
1-CACHAGRKGGCRSTAKWGS	STREME-1	1.4e-034	chr17_44261982_44262001_+	20.47	tp	0
1-CACHAGRKGGCRSTAKWGS	STREME-1	1.4e-034	chr5_33033423_33033442_-	20.44	tp	0
1-CACHAGRKGGCRSTAKWGS	STREME-1	1.4e-034	chr19_52993223_52993242_-	20.31	tp	0
1-CACHAGRKGGCRSTAKWGS	STREME-1	1.4e-034	chr11_78838232_78838251_+	20.23	tp	0
1-CACHAGRKGGCRSTAKWGS	STREME-1	1.4e-034	chr10_71422795_71422814_+	20.11	tp	0
1-CACHAGRKGGCRSTAKWGS	STREME-1	1.4e-034	chr13_110382723_110382742_+	20.10	tp	0
1-CACHAGRKGGCRSTAKWGS	STREME-1	1.4e-034	chr3_153655299_153655318_-	19.93	tp	0
1-CACHAGRKGGCRSTAKWGS	STREME-1	1.4e-034	chr9_15685383_15685402_+	19.90	tp	0
1-CACHAGRKGGCRSTAKWGS	STREME-1	1.4e-034	chr18_19939543_19939562_-	19.86	tp	0
1-CACHAGRKGGCRSTAKWGS	STREME-1	1.4e-034	chr12_77000250_77000269_+	19.85	tp	1
1-CACHAGRKGGCRSTAKWGS	STREME-1	1.4e-034	chr7_118304994_118305013_+	19.80	tp	0
1-CACHAGRKGGCRSTAKWGS	STREME-1	1.4e-034	chr11_57788054_1_13442	19.77	fp	0
1-CACHAGRKGGCRSTAKWGS	STREME-1	1.4e-034	chr17_73303410_73303429_+	19.75	tp	0
1-CACHAGRKGGCRSTAKWGS	STREME-1	1.4e-034	chr7_75910147_75910166_+	19.68	tp	1
1-CACHAGRKGGCRSTAKWGS	STREME-1	1.4e-034	chr19_20345718_20345737_+	19.62	tp	0
1-CACHAGRKGGCRSTAKWGS	STREME-1	1.4e-034	chr2_160598019_160598038_+	19.60	tp	0
1-CACHAGRKGGCRSTAKWGS	STREME-1	1.4e-034	chr19_50185467_50185486_+	19.58	tp	0
1-CACHAGRKGGCRSTAKWGS	STREME-1	1.4e-034	chr3_127971074_127971093_+	19.57	tp	0
1-CACHAGRKGGCRSTAKWGS	STREME-1	1.4e-034	chr10_13016714_13016733_+	19.54	tp	0
1-CACHAGRKGGCRSTAKWGS	STREME-1	1.4e-034	chr1_103799500_103799519_+	19.49	tp	0
1-CACHAGRKGGCRSTAKWGS	STREME-1	1.4e-034	chr4_109729472_109729491_-	19.48	tp	0
1-CACHAGRKGGCRSTAKWGS	STREME-1	1.4e-034	chr4_141976315_0_3736	19.38	fp	0
1-CACHAGRKGGCRSTAKWGS	STREME-1	1.4e-034	chr12_92303369_92303388_+	19.31	tp	0
1-CACHAGRKGGCRSTAKWGS	STREME-1	1.4e-034	chr16_22564764_22564783_+	19.30	tp	0
1-CACHAGRKGGCRSTAKWGS	STREME-1	1.4e-034	chr10_8240449_8240468_-	19.26	tp	0
1-CACHAGRKGGCRSTAKWGS	STREME-1	1.4e-034	chr3_129960510_1_31795	19.18	fp	0
1-CACHAGRKGGCRSTAKWGS	STREME-1	1.4e-034	chr9_49494116_49494135_+	19.16	tp	0
1-CACHAGRKGGCRSTAKWGS	STREME-1	1.4e-034	chr16_13117402_13117421_+	19.14	tp	0
1-CACHAGRKGGCRSTAKWGS	STREME-1	1.4e-034	chr16_72218208_72218227_+	19.12	tp	0
1-CACHAGRKGGCRSTAKWGS	STREME-1	1.4e-034	chr18_75606680_75606699_+	19.07	tp	0
1-CACHAGRKGGCRSTAKWGS	STREME-1	1.4e-034	chr3_84244615_0_30082	19.02	fp	0
1-CACHAGRKGGCRSTAKWGS	STREME-1	1.4e-034	chr11_109860808_109860827_-	19.01	tp	1
1-CACHAGRKGGCRSTAKWGS	STREME-1	1.4e-034	chr15_44836383_44836402_+	18.91	tp	0
1-CACHAGRKGGCRSTAKWGS	STREME-1	1.4e-034	chr8_41443744_41443763_+	18.90	tp	0
1-CACHAGRKGGCRSTAKWGS	STREME-1	1.4e-034	chr4_47419748_47419767_+	18.84	tp	0
1-CACHAGRKGGCRSTAKWGS	STREME-1	1.4e-034	chr15_101145516_1_10887	18.83	fp	1
1-CACHAGRKGGCRSTAKWGS	STREME-1	1.4e-034	chr2_165779073_165779092_+	18.77	tp	0
1-CACHAGRKGGCRSTAKWGS	STREME-1	1.4e-034	chr6_92269178_1_48583	18.77	fp	0
1-CACHAGRKGGCRSTAKWGS	STREME-1	1.4e-034	chr3_141323393_0_68324	18.76	fp	0
1-CACHAGRKGGCRSTAKWGS	STREME-1	1.4e-034	chr6_37464136_0_2411	18.67	fp	1
1-CACHAGRKGGCRSTAKWGS	STREME-1	1.4e-034	chr17_28801392_0_12807	18.62	fp	0
1-CACHAGRKGGCRSTAKWGS	STREME-1	1.4e-034	chr11_53737784_0_58795	18.60	fp	0
1-CACHAGRKGGCRSTAKWGS	STREME-1	1.4e-034	chr7_86211545_86211564_-	18.58	tp	0
1-CACHAGRKGGCRSTAKWGS	STREME-1	1.4e-034	chr9_80293243_80293262_+	18.58	tp	0
1-CACHAGRKGGCRSTAKWGS	STREME-1	1.4e-034	chr10_22402653_0_21224	18.55	fp	0
1-CACHAGRKGGCRSTAKWGS	STREME-1	1.4e-034	chr9_26776356_26776375_-	18.52	tp	0
1-CACHAGRKGGCRSTAKWGS	STREME-1	1.4e-034	chr2_164387126_0_25273	18.49	fp	0
1-CACHAGRKGGCRSTAKWGS	STREME-1	1.4e-034	chr9_121458663_121458682_+	18.45	tp	0
1-CACHAGRKGGCRSTAKWGS	STREME-1	1.4e-034	chr7_19782818_1_64632	18.41	fp	0
1-CACHAGRKGGCRSTAKWGS	STREME-1	1.4e-034	chr11_83815787_0_9932	18.36	fp	0
1-CACHAGRKGGCRSTAKWGS	STREME-1	1.4e-034	chr4_81178870_81178889_+	18.18	tp	0
1-CACHAGRKGGCRSTAKWGS	STREME-1	1.4e-034	chr2_73550987_73551006_+	18.16	tp	0
1-CACHAGRKGGCRSTAKWGS	STREME-1	1.4e-034	chr16_42169923_42169942_+	18.13	tp	0
1-CACHAGRKGGCRSTAKWGS	STREME-1	1.4e-034	chr7_110645569_110645588_-	18.13	tp	0
1-CACHAGRKGGCRSTAKWGS	STREME-1	1.4e-034	chr13_57260100_57260119_-	18.12	tp	0
1-CACHAGRKGGCRSTAKWGS	STREME-1	1.4e-034	chr16_72215914_72215933_-	18.09	tp	0
1-CACHAGRKGGCRSTAKWGS	STREME-1	1.4e-034	chr11_57467954_57467973_-	18.07	tp	0
1-CACHAGRKGGCRSTAKWGS	STREME-1	1.4e-034	chr2_27770359_27770378_+	18.05	tp	0
1-CACHAGRKGGCRSTAKWGS	STREME-1	1.4e-034	chr15_59389408_59389427_+	17.96	tp	0
1-CACHAGRKGGCRSTAKWGS	STREME-1	1.4e-034	chr2_13278190_13278209_+	17.94	tp	0
1-CACHAGRKGGCRSTAKWGS	STREME-1	1.4e-034	chr1_5905000_5905019_-	17.91	tp	0
1-CACHAGRKGGCRSTAKWGS	STREME-1	1.4e-034	chr11_113165297_113165316_-	17.90	tp	0
1-CACHAGRKGGCRSTAKWGS	STREME-1	1.4e-034	chr1_120586652_120586671_+	17.86	tp	0
1-CACHAGRKGGCRSTAKWGS	STREME-1	1.4e-034	chr4_63368767_63368786_+	17.84	tp	0
1-CACHAGRKGGCRSTAKWGS	STREME-1	1.4e-034	chr3_57843966_57843985_+	17.82	tp	0
1-CACHAGRKGGCRSTAKWGS	STREME-1	1.4e-034	chr5_122158066_1_24006	17.81	fp	0
1-CACHAGRKGGCRSTAKWGS	STREME-1	1.4e-034	chr1_11657891_11657910_+	17.76	tp	0
1-CACHAGRKGGCRSTAKWGS	STREME-1	1.4e-034	chr1_144380203_144380222_-	17.70	tp	0
1-CACHAGRKGGCRSTAKWGS	STREME-1	1.4e-034	chr2_93199043_93199062_-	17.68	tp	1
1-CACHAGRKGGCRSTAKWGS	STREME-1	1.4e-034	chr14_76473593_76473612_-	17.65	tp	0
1-CACHAGRKGGCRSTAKWGS	STREME-1	1.4e-034	chr4_32572297_32572316_-	17.55	tp	0
1-CACHAGRKGGCRSTAKWGS	STREME-1	1.4e-034	chr1_55989750_0_6880	17.54	fp	0
1-CACHAGRKGGCRSTAKWGS	STREME-1	1.4e-034	chr6_55519966_1_23284	17.53	fp	0
1-CACHAGRKGGCRSTAKWGS	STREME-1	1.4e-034	chr16_72980048_72980067_-	17.53	tp	0
1-CACHAGRKGGCRSTAKWGS	STREME-1	1.4e-034	chr8_57333464_0_39706	17.48	fp	0
1-CACHAGRKGGCRSTAKWGS	STREME-1	1.4e-034	chr16_4630083_0_19753	17.48	fp	1
1-CACHAGRKGGCRSTAKWGS	STREME-1	1.4e-034	chr9_103996707_103996726_-	17.41	tp	0
1-CACHAGRKGGCRSTAKWGS	STREME-1	1.4e-034	chr6_31660939_31660958_+	17.24	tp	0
1-CACHAGRKGGCRSTAKWGS	STREME-1	1.4e-034	chr16_64748436_64748455_-	17.24	tp	0
1-CACHAGRKGGCRSTAKWGS	STREME-1	1.4e-034	chr3_92903158_1_8836	17.16	fp	0
1-CACHAGRKGGCRSTAKWGS	STREME-1	1.4e-034	chr1_126993483_126993502_-	17.06	tp	0
1-CACHAGRKGGCRSTAKWGS	STREME-1	1.4e-034	chr2_113494885_113494904_+	16.98	tp	0
1-CACHAGRKGGCRSTAKWGS	STREME-1	1.4e-034	chr11_59293790_0_1856	16.91	fp	1
1-CACHAGRKGGCRSTAKWGS	STREME-1	1.4e-034	chr2_118638274_118638293_+	16.91	tp	0
1-CACHAGRKGGCRSTAKWGS	STREME-1	1.4e-034	chr19_36609372_1_48096	16.88	fp	0
1-CACHAGRKGGCRSTAKWGS	STREME-1	1.4e-034	chr6_101261721_101261740_-	16.86	tp	0
1-CACHAGRKGGCRSTAKWGS	STREME-1	1.4e-034	chr15_80704514_80704533_-	16.81	tp	0
1-CACHAGRKGGCRSTAKWGS	STREME-1	1.4e-034	chr15_32766466_32766485_-	16.77	tp	0
1-CACHAGRKGGCRSTAKWGS	STREME-1	1.4e-034	chr6_13281045_13281064_-	16.73	tp	0
1-CACHAGRKGGCRSTAKWGS	STREME-1	1.4e-034	chr11_57303782_1_1024	16.63	fp	0
1-CACHAGRKGGCRSTAKWGS	STREME-1	1.4e-034	chr3_98099427_0_27854	16.63	fp	0
1-CACHAGRKGGCRSTAKWGS	STREME-1	1.4e-034	chr1_135136682_135136701_-	16.59	tp	1
1-CACHAGRKGGCRSTAKWGS	STREME-1	1.4e-034	chr4_83596673_83596692_-	16.43	tp	0
1-CACHAGRKGGCRSTAKWGS	STREME-1	1.4e-034	chr7_127519713_0_13079	16.42	fp	0
1-CACHAGRKGGCRSTAKWGS	STREME-1	1.4e-034	chr1_78724639_78724658_+	16.37	tp	0
1-CACHAGRKGGCRSTAKWGS	STREME-1	1.4e-034	chr16_71247683_71247702_+	16.37	tp	1
1-CACHAGRKGGCRSTAKWGS	STREME-1	1.4e-034	chr10_70963778_70963797_-	16.24	tp	0
1-CACHAGRKGGCRSTAKWGS	STREME-1	1.4e-034	chr3_113080921_113080940_-	16.16	tp	0
1-CACHAGRKGGCRSTAKWGS	STREME-1	1.4e-034	chr5_125631440_0_23606	16.10	fp	1
1-CACHAGRKGGCRSTAKWGS	STREME-1	1.4e-034	chr19_52193986_0_30498	16.07	fp	0
1-CACHAGRKGGCRSTAKWGS	STREME-1	1.4e-034	chr3_38709106_1_18567	16.02	fp	0
1-CACHAGRKGGCRSTAKWGS	STREME-1	1.4e-034	chr11_74863630_0_23766	16.00	fp	0
1-CACHAGRKGGCRSTAKWGS	STREME-1	1.4e-034	chr19_56422684_0_78286	15.99	fp	0
1-CACHAGRKGGCRSTAKWGS	STREME-1	1.4e-034	chr7_125393828_125393847_-	15.98	tp	0
1-CACHAGRKGGCRSTAKWGS	STREME-1	1.4e-034	chr9_60245108_60245127_+	15.91	tp	0
1-CACHAGRKGGCRSTAKWGS	STREME-1	1.4e-034	chr6_87159875_1_65028	15.90	fp	0
1-CACHAGRKGGCRSTAKWGS	STREME-1	1.4e-034	chr17_83433818_0_11538	15.90	fp	0
1-CACHAGRKGGCRSTAKWGS	STREME-1	1.4e-034	chr2_127081995_1_84549	15.90	fp	0
1-CACHAGRKGGCRSTAKWGS	STREME-1	1.4e-034	chr19_30217496_30217515_+	15.88	tp	0
1-CACHAGRKGGCRSTAKWGS	STREME-1	1.4e-034	chr12_91365382_1_63542	15.84	fp	0
1-CACHAGRKGGCRSTAKWGS	STREME-1	1.4e-034	chr4_140731782_1_2023	15.83	fp	0
1-CACHAGRKGGCRSTAKWGS	STREME-1	1.4e-034	chr10_88552922_1_58586	15.79	fp	0
1-CACHAGRKGGCRSTAKWGS	STREME-1	1.4e-034	chr8_125068686_1_18803	15.78	fp	0
1-CACHAGRKGGCRSTAKWGS	STREME-1	1.4e-034	chr15_80629015_1_22425	15.78	fp	0
1-CACHAGRKGGCRSTAKWGS	STREME-1	1.4e-034	chr12_80408390_1_66477	15.78	fp	0
1-CACHAGRKGGCRSTAKWGS	STREME-1	1.4e-034	chr5_115019533_0_87556	15.78	fp	0
1-CACHAGRKGGCRSTAKWGS	STREME-1	1.4e-034	chr4_142520000_0_32916	15.78	fp	0
1-CACHAGRKGGCRSTAKWGS	STREME-1	1.4e-034	chr7_138835213_138835232_-	15.76	tp	0
1-CACHAGRKGGCRSTAKWGS	STREME-1	1.4e-034	chr5_123152097_1_6389	15.67	fp	0
1-CACHAGRKGGCRSTAKWGS	STREME-1	1.4e-034	chr19_19347176_1_33463	15.66	fp	0
1-CACHAGRKGGCRSTAKWGS	STREME-1	1.4e-034	chr7_129649153_129649172_+	15.65	tp	0
1-CACHAGRKGGCRSTAKWGS	STREME-1	1.4e-034	chr11_61548512_1_25828	15.61	fp	0
1-CACHAGRKGGCRSTAKWGS	STREME-1	1.4e-034	chr10_5161751_5161770_-	15.59	tp	0
1-CACHAGRKGGCRSTAKWGS	STREME-1	1.4e-034	chr7_101653810_101653829_+	15.58	tp	0
1-CACHAGRKGGCRSTAKWGS	STREME-1	1.4e-034	chr2_105599658_1_59944	15.58	fp	0
1-CACHAGRKGGCRSTAKWGS	STREME-1	1.4e-034	chr9_123156821_0_23035	15.48	fp	0
1-CACHAGRKGGCRSTAKWGS	STREME-1	1.4e-034	chr2_154841180_0_55651	15.48	fp	0
1-CACHAGRKGGCRSTAKWGS	STREME-1	1.4e-034	chr13_12376391_0_28674	15.45	fp	0
1-CACHAGRKGGCRSTAKWGS	STREME-1	1.4e-034	chr10_57448112_57448131_-	15.33	tp	0
1-CACHAGRKGGCRSTAKWGS	STREME-1	1.4e-034	chr10_106609231_106609250_+	15.18	tp	0
1-CACHAGRKGGCRSTAKWGS	STREME-1	1.4e-034	chr10_18570074_0_39084	15.15	fp	0
1-CACHAGRKGGCRSTAKWGS	STREME-1	1.4e-034	chr6_123847986_0_56428	15.11	fp	0
1-CACHAGRKGGCRSTAKWGS	STREME-1	1.4e-034	chr1_141216667_0_90805	15.11	fp	0
1-CACHAGRKGGCRSTAKWGS	STREME-1	1.4e-034	chr15_35174585_0_85457	15.11	fp	1
1-CACHAGRKGGCRSTAKWGS	STREME-1	1.4e-034	chr12_84148480_1_6775	14.99	fp	0
1-CACHAGRKGGCRSTAKWGS	STREME-1	1.4e-034	chr4_98690103_1_4583	14.93	fp	0
1-CACHAGRKGGCRSTAKWGS	STREME-1	1.4e-034	chr10_79657183_0_61847	14.92	fp	0
1-CACHAGRKGGCRSTAKWGS	STREME-1	1.4e-034	chr9_87396326_1_27200	14.91	fp	1
1-CACHAGRKGGCRSTAKWGS	STREME-1	1.4e-034	chr9_108193750_0_14163	14.86	fp	0
1-CACHAGRKGGCRSTAKWGS	STREME-1	1.4e-034	chr16_35615610_0_11907	14.86	fp	0
1-CACHAGRKGGCRSTAKWGS	STREME-1	1.4e-034	chr10_127569514_1_16851	14.67	fp	0
1-CACHAGRKGGCRSTAKWGS	STREME-1	1.4e-034	chr5_49961991_49962010_-	14.63	tp	0
1-CACHAGRKGGCRSTAKWGS	STREME-1	1.4e-034	chr3_83797961_1_30827	14.60	fp	0
1-CACHAGRKGGCRSTAKWGS	STREME-1	1.4e-034	chr17_86906315_86906334_-	14.54	tp	0
1-CACHAGRKGGCRSTAKWGS	STREME-1	1.4e-034	chr15_78848650_1_18996	14.44	fp	0
1-CACHAGRKGGCRSTAKWGS	STREME-1	1.4e-034	chr16_89765679_89765698_-	14.44	tp	0
1-CACHAGRKGGCRSTAKWGS	STREME-1	1.4e-034	chr7_118102436_118102455_-	14.41	tp	0
1-CACHAGRKGGCRSTAKWGS	STREME-1	1.4e-034	chr5_7996900_7996919_-	14.28	tp	0
1-CACHAGRKGGCRSTAKWGS	STREME-1	1.4e-034	chr4_133451733_0_49889	14.27	fp	0
1-CACHAGRKGGCRSTAKWGS	STREME-1	1.4e-034	chr8_36523116_36523135_-	14.22	tp	0
1-CACHAGRKGGCRSTAKWGS	STREME-1	1.4e-034	chr4_71376079_1_31586	14.21	fp	0
1-CACHAGRKGGCRSTAKWGS	STREME-1	1.4e-034	chr1_75142717_1_28407	14.17	fp	0
1-CACHAGRKGGCRSTAKWGS	STREME-1	1.4e-034	chr19_8993010_1_30830	14.16	fp	0
1-CACHAGRKGGCRSTAKWGS	STREME-1	1.4e-034	chr4_73832084_1_93394	14.13	fp	0
1-CACHAGRKGGCRSTAKWGS	STREME-1	1.4e-034	chr4_30883175_1_93181	14.13	fp	0
1-CACHAGRKGGCRSTAKWGS	STREME-1	1.4e-034	chrY_63413283_0_56645	14.01	fp	0
1-CACHAGRKGGCRSTAKWGS	STREME-1	1.4e-034	chrY_28310565_1_64365	14.01	fp	0
1-CACHAGRKGGCRSTAKWGS	STREME-1	1.4e-034	chr2_160593216_160593235_-	13.99	tp	0
1-CACHAGRKGGCRSTAKWGS	STREME-1	1.4e-034	chr12_39508986_0_84078	13.98	fp	0
1-CACHAGRKGGCRSTAKWGS	STREME-1	1.4e-034	chr1_119083843_119083862_-	13.95	tp	1
1-CACHAGRKGGCRSTAKWGS	STREME-1	1.4e-034	chr5_64970009_0_25282	13.93	fp	0
1-CACHAGRKGGCRSTAKWGS	STREME-1	1.4e-034	chr5_40055239_0_72342	13.92	fp	0
1-CACHAGRKGGCRSTAKWGS	STREME-1	1.4e-034	chr2_167044886_0_39333	13.92	fp	0
1-CACHAGRKGGCRSTAKWGS	STREME-1	1.4e-034	chr15_78842495_1_1011	13.89	fp	1
1-CACHAGRKGGCRSTAKWGS	STREME-1	1.4e-034	chr16_11871451_0_47002	13.88	fp	0
1-CACHAGRKGGCRSTAKWGS	STREME-1	1.4e-034	chrY_13369025_1_9400	13.87	fp	0
1-CACHAGRKGGCRSTAKWGS	STREME-1	1.4e-034	chr16_32202883_0_10777	13.80	fp	0
1-CACHAGRKGGCRSTAKWGS	STREME-1	1.4e-034	chr15_25361115_1_8796	13.80	fp	0
1-CACHAGRKGGCRSTAKWGS	STREME-1	1.4e-034	chr13_51830906_51830925_+	13.80	tp	0
1-CACHAGRKGGCRSTAKWGS	STREME-1	1.4e-034	chr12_107125052_0_1416	13.79	fp	0
1-CACHAGRKGGCRSTAKWGS	STREME-1	1.4e-034	chr16_41244916_41244935_-	13.74	tp	1
1-CACHAGRKGGCRSTAKWGS	STREME-1	1.4e-034	chr4_41140123_0_38344	13.66	fp	0
1-CACHAGRKGGCRSTAKWGS	STREME-1	1.4e-034	chr5_46697771_0_14949	13.63	fp	0
1-CACHAGRKGGCRSTAKWGS	STREME-1	1.4e-034	chr4_143212720_1_284	13.53	fp	1
1-CACHAGRKGGCRSTAKWGS	STREME-1	1.4e-034	chr5_117504620_117504639_+	13.52	tp	0
1-CACHAGRKGGCRSTAKWGS	STREME-1	1.4e-034	chr2_155811901_155811920_-	13.52	tp	0
1-CACHAGRKGGCRSTAKWGS	STREME-1	1.4e-034	chr12_78056172_78056191_+	13.51	tp	0
#
2-RTTGCAGTTCTM	STREME-2	1.0e+000	chr19_30217496_30217515_+	19.12	tp	0
2-RTTGCAGTTCTM	STREME-2	1.0e+000	chr8_47920241_1_21123	19.12	fp	0
2-RTTGCAGTTCTM	STREME-2	1.0e+000	chr15_25564241_1_84898	18.97	fp	0
2-RTTGCAGTTCTM	STREME-2	1.0e+000	chr7_37357852_37357871_-	18.81	tp	0
2-RTTGCAGTTCTM	STREME-2	1.0e+000	chr5_31657447_0_14475	18.56	fp	0
2-RTTGCAGTTCTM	STREME-2	1.0e+000	chr14_19640565_1_35768	18.16	fp	0
2-RTTGCAGTTCTM	STREME-2	1.0e+000	chr11_38002266_1_46101	18.16	fp	0
2-RTTGCAGTTCTM	STREME-2	1.0e+000	chr6_33211068_0_64840	17.75	fp	0
2-RTTGCAGTTCTM	STREME-2	1.0e+000	chr3_123341654_1_26522	17.75	fp	0
2-RTTGCAGTTCTM	STREME-2	1.0e+000	chr6_124564926_1_13114	17.75	fp	0
2-RTTGCAGTTCTM	STREME-2	1.0e+000	chr16_20828967_0_44783	17.75	fp	0
2-RTTGCAGTTCTM	STREME-2	1.0e+000	chrX_66364627_0_56607	17.75	fp	0
2-RTTGCAGTTCTM	STREME-2	1.0e+000	chr8_65730472_0_44962	17.75	fp	0
2-RTTGCAGTTCTM	STREME-2	1.0e+000	chr16_51492484_0_56859	17.75	fp	0
2-RTTGCAGTTCTM	STREME-2	1.0e+000	chr11_12584027_0_61634	17.75	fp	0
2-RTTGCAGTTCTM	STREME-2	1.0e+000	chr10_47154855_1_36304	17.75	fp	0
2-RTTGCAGTTCTM	STREME-2	1.0e+000	chr16_15046791_1_58086	17.75	fp	0
2-RTTGCAGTTCTM	STREME-2	1.0e+000	chr6_117884932_1_52152	17.75	fp	1
2-RTTGCAGTTCTM	STREME-2	1.0e+000	chr10_79270405_0_93026	17.74	fp	0
2-RTTGCAGTTCTM	STREME-2	1.0e+000	chr3_100895002_1_46348	17.72	fp	0
2-RTTGCAGTTCTM	STREME-2	1.0e+000	chr3_153655299_153655318_-	17.47	tp	0
2-RTTGCAGTTCTM	STREME-2	1.0e+000	chr3_31666291_1_57667	17.47	fp	0
2-RTTGCAGTTCTM	STREME-2	1.0e+000	chr2_50303969_0_41647	17.37	fp	1
2-RTTGCAGTTCTM	STREME-2	1.0e+000	chr15_22508923_1_98364	17.23	fp	0
2-RTTGCAGTTCTM	STREME-2	1.0e+000	chrY_64324469_0_56433	17.14	fp	0
2-RTTGCAGTTCTM	STREME-2	1.0e+000	chr13_101570567_1_38890	16.96	fp	0
2-RTTGCAGTTCTM	STREME-2	1.0e+000	chr18_35169661_1_89334	16.91	fp	0
2-RTTGCAGTTCTM	STREME-2	1.0e+000	chr4_151813206_0_65825	16.91	fp	0
2-RTTGCAGTTCTM	STREME-2	1.0e+000	chr18_69301262_0_96631	16.91	fp	0
2-RTTGCAGTTCTM	STREME-2	1.0e+000	chr2_38769521_0_79440	16.82	fp	0
2-RTTGCAGTTCTM	STREME-2	1.0e+000	chr6_100882571_100882590_+	16.56	tp	0
2-RTTGCAGTTCTM	STREME-2	1.0e+000	chr18_30671014_1_44381	16.51	fp	0
2-RTTGCAGTTCTM	STREME-2	1.0e+000	chr2_145415162_1_99047	16.50	fp	0
2-RTTGCAGTTCTM	STREME-2	1.0e+000	chr16_68576397_1_78460	16.50	fp	0
2-RTTGCAGTTCTM	STREME-2	1.0e+000	chr14_85811186_1_89484	16.40	fp	0
2-RTTGCAGTTCTM	STREME-2	1.0e+000	chr16_93082879_1_50618	16.30	fp	0
2-RTTGCAGTTCTM	STREME-2	1.0e+000	chr18_57935073_0_99674	16.26	fp	0
2-RTTGCAGTTCTM	STREME-2	1.0e+000	chr10_13220049_0_39471	16.26	fp	0
2-RTTGCAGTTCTM	STREME-2	1.0e+000	chr10_72579347_0_82787	16.16	fp	0
2-RTTGCAGTTCTM	STREME-2	1.0e+000	chrX_95453290_1_7035	16.16	fp	0
2-RTTGCAGTTCTM	STREME-2	1.0e+000	chr4_108628000_1_2121	16.16	fp	1
2-RTTGCAGTTCTM	STREME-2	1.0e+000	chr4_32006685_1_92909	16.00	fp	0
2-RTTGCAGTTCTM	STREME-2	1.0e+000	chr10_119947488_1_73388	15.97	fp	1
2-RTTGCAGTTCTM	STREME-2	1.0e+000	chr1_119087718_119087737_+	15.94	tp	0
2-RTTGCAGTTCTM	STREME-2	1.0e+000	chr5_7996900_7996919_-	15.89	tp	0
2-RTTGCAGTTCTM	STREME-2	1.0e+000	chr6_70228731_0_79179	15.79	fp	0
2-RTTGCAGTTCTM	STREME-2	1.0e+000	chr16_5942480_0_45099	15.79	fp	0
2-RTTGCAGTTCTM	STREME-2	1.0e+000	chr6_31660939_31660958_+	15.71	tp	0
2-RTTGCAGTTCTM	STREME-2	1.0e+000	chr18_34650381_1_59062	15.58	fp	0
2-RTTGCAGTTCTM	STREME-2	1.0e+000	chr17_11886936_0_27879	15.51	fp	0
2-RTTGCAGTTCTM	STREME-2	1.0e+000	chr5_124887711_1_57880	15.48	fp	0
2-RTTGCAGTTCTM	STREME-2	1.0e+000	chr2_42956028_0_51428	15.28	fp	0
2-RTTGCAGTTCTM	STREME-2	1.0e+000	chr2_13278190_13278209_+	15.28	tp	0
2-RTTGCAGTTCTM	STREME-2	1.0e+000	chr10_10433522_1_79890	15.28	fp	0
2-RTTGCAGTTCTM	STREME-2	1.0e+000	chr1_11757958_1_52207	15.26	fp	0
2-RTTGCAGTTCTM	STREME-2	1.0e+000	chr3_51216844_1_51316	15.12	fp	0
2-RTTGCAGTTCTM	STREME-2	1.0e+000	chr10_52660080_1_43376	15.07	fp	0
2-RTTGCAGTTCTM	STREME-2	1.0e+000	chrX_157086098_1_89448	15.01	fp	0
2-RTTGCAGTTCTM	STREME-2	1.0e+000	chr9_67745008_1_86345	15.01	fp	0
2-RTTGCAGTTCTM	STREME-2	1.0e+000	chr10_89529050_0_50471	15.01	fp	0
2-RTTGCAGTTCTM	STREME-2	1.0e+000	chr1_53832178_1_78908	14.92	fp	0
2-RTTGCAGTTCTM	STREME-2	1.0e+000	chr3_6034777_1_73289	14.92	fp	0
2-RTTGCAGTTCTM	STREME-2	1.0e+000	chr18_22777606_0_90045	14.88	fp	0
2-RTTGCAGTTCTM	STREME-2	1.0e+000	chr3_147567018_1_87212	14.87	fp	1
2-RTTGCAGTTCTM	STREME-2	1.0e+000	chrY_57164902_1_31317	14.81	fp	0
2-RTTGCAGTTCTM	STREME-2	1.0e+000	chr11_77100318_77100337_+	14.75	tp	0
2-RTTGCAGTTCTM	STREME-2	1.0e+000	chr1_159819004_1_78538	14.67	fp	0
2-RTTGCAGTTCTM	STREME-2	1.0e+000	chr3_146755289_0_62165	14.67	fp	0
2-RTTGCAGTTCTM	STREME-2	1.0e+000	chr11_6489327_0_68108	14.65	fp	0
2-RTTGCAGTTCTM	STREME-2	1.0e+000	chr11_85511750_0_50870	14.62	fp	0
2-RTTGCAGTTCTM	STREME-2	1.0e+000	chr9_99926443_0_80709	14.56	fp	0
2-RTTGCAGTTCTM	STREME-2	1.0e+000	chr1_11657891_11657910_+	14.35	tp	0
2-RTTGCAGTTCTM	STREME-2	1.0e+000	chr1_17012840_0_96063	14.35	fp	0
2-RTTGCAGTTCTM	STREME-2	1.0e+000	chr18_78586067_0_95614	14.31	fp	0
2-RTTGCAGTTCTM	STREME-2	1.0e+000	chr18_45589913_1_41631	14.29	fp	0
2-RTTGCAGTTCTM	STREME-2	1.0e+000	chr1_48462188_0_51839	14.28	fp	0
2-RTTGCAGTTCTM	STREME-2	1.0e+000	chr5_140246240_1_56720	14.27	fp	0
2-RTTGCAGTTCTM	STREME-2	1.0e+000	chr13_13054676_1_72402	14.26	fp	0
2-RTTGCAGTTCTM	STREME-2	1.0e+000	chr9_47056955_1_57708	14.26	fp	0
2-RTTGCAGTTCTM	STREME-2	1.0e+000	chr15_9606565_1_75440	14.25	fp	0
2-RTTGCAGTTCTM	STREME-2	1.0e+000	chr3_22309169_22309188_+	14.22	tp	0
#
3-AACGCAGTWTTTCHNNGG	STREME-3	1.0e+000	chr11_77100318_77100337_+	28.69	tp	0
3-AACGCAGTWTTTCHNNGG	STREME-3	1.0e+000	chr8_22510290_1_83891	25.87	fp	0
3-AACGCAGTWTTTCHNNGG	STREME-3	1.0e+000	chr17_86906315_86906334_-	23.30	tp	0
3-AACGCAGTWTTTCHNNGG	STREME-3	1.0e+000	chr4_110022428_110022447_-	22.27	tp	0
3-AACGCAGTWTTTCHNNGG	STREME-3	1.0e+000	chr13_42822766_42822785_-	22.05	tp	0
3-AACGCAGTWTTTCHNNGG	STREME-3	1.0e+000	chr14_87452272_87452291_-	21.32	tp	0
3-AACGCAGTWTTTCHNNGG	STREME-3	1.0e+000	chr18_3772631_0_98254	21.08	fp	0
3-AACGCAGTWTTTCHNNGG	STREME-3	1.0e+000	chr12_40837731_40837750_+	19.26	tp	0
#
4-AGAGGGAGCDATW	STREME-4	1.0e+000	chr16_64748436_64748455_-	23.00	tp	0
4-AGAGGGAGCDATW	STREME-4	1.0e+000	chr1_89631938_89631957_-	20.36	tp	0
4-AGAGGGAGCDATW	STREME-4	1.0e+000	chr1_153521947_0_45805	20.22	fp	0
4-AGAGGGAGCDATW	STREME-4	1.0e+000	chr8_119384731_119384750_-	18.50	tp	0
4-AGAGGGAGCDATW	STREME-4	1.0e+000	chr6_84989860_0_32093	18.39	fp	1
4-AGAGGGAGCDATW	STREME-4	1.0e+000	chrX_7375581_0_16922	18.38	fp	0
4-AGAGGGAGCDATW	STREME-4	1.0e+000	chr6_100882571_100882590_+	17.58	tp	0
4-AGAGGGAGCDATW	STREME-4	1.0e+000	chr4_114163426_0_95093	17.38	fp	1
4-AGAGGGAGCDATW	STREME-4	1.0e+000	chr5_131430336_131430355_-	17.31	tp	0
4-AGAGGGAGCDATW	STREME-4	1.0e+000	chr12_76389898_0_64518	17.31	fp	0
