motif_ID	motif_ALT_ID	seq_ID	site_Start	site_End	site_Strand	site_Score	site_Sequence
1-CACHAGRKGGCRSTAKWGS	STREME-1	chr16_55477007_55477026_-	35	53	+	26.73	CACTAGATGGCGGTAGAGG
1-CACHAGRKGGCRSTAKWGS	STREME-1	chr19_20345139_20345158_-	35	53	+	26.72	CACTAGATGGCGGTATTGT
1-CACHAGRKGGCRSTAKWGS	STREME-1	chr14_8356080_8356099_+	35	53	+	26.25	CACTAGATGGCAGTATTGC
1-CACHAGRKGGCRSTAKWGS	STREME-1	chr13_42822766_42822785_-	35	53	+	25.22	CACGAGATGGCGGTAGAGC
1-CACHAGRKGGCRSTAKWGS	STREME-1	chr3_22309169_22309188_+	35	53	+	24.85	CAGTAGGTGGCAGTCGTGC
1-CACHAGRKGGCRSTAKWGS	STREME-1	chr6_37046360_37046379_-	35	53	+	24.09	CACTAGAGGGCAGTCGAAG
1-CACHAGRKGGCRSTAKWGS	STREME-1	chr2_172216028_172216047_-	35	53	+	23.65	CACTAGGTGGCACTGTTGC
1-CACHAGRKGGCRSTAKWGS	STREME-1	chr8_112046077_112046096_+	35	53	+	23.65	CACTAGGTGGCACTGTTGC
1-CACHAGRKGGCRSTAKWGS	STREME-1	chr8_24546416_24546435_-	35	53	+	23.60	CACAAGATGGCGCTAGTGT
1-CACHAGRKGGCRSTAKWGS	STREME-1	chr9_10909749_10909768_+	35	53	+	23.52	CACTAGATGGCAGCCGTGT
1-CACHAGRKGGCRSTAKWGS	STREME-1	chr6_64650100_64650119_-	35	53	+	23.09	CACAAGGTGGCAGTATTGG
1-CACHAGRKGGCRSTAKWGS	STREME-1	chr13_81439555_81439574_+	35	53	+	22.86	CACTAGGTGGCGCCCAAGG
1-CACHAGRKGGCRSTAKWGS	STREME-1	chr1_179477243_179477262_-	35	53	+	22.67	CACTAGGTGGCAGTAGGGT
1-CACHAGRKGGCRSTAKWGS	STREME-1	chr14_87452272_87452291_-	35	53	+	22.48	CACAAGATGGCAGCATCGA
1-CACHAGRKGGCRSTAKWGS	STREME-1	chr10_102449646_102449665_+	35	53	+	22.47	CACTAGGTGGCGACATAAT
1-CACHAGRKGGCRSTAKWGS	STREME-1	chr4_70621534_70621553_-	35	53	+	22.41	CACTAGGTGGCAATAGAAC
1-CACHAGRKGGCRSTAKWGS	STREME-1	chr4_87368249_87368268_+	35	53	+	22.36	CACTAGATGGCGGGAGAGG
1-CACHAGRKGGCRSTAKWGS	STREME-1	chr3_146185118_146185137_+	35	53	+	22.35	CACTAGAGGGCACTGTTGC
1-CACHAGRKGGCRSTAKWGS	STREME-1	chr14_29110853_29110872_-	35	53	+	22.34	CACTAGATGGCAATAGTGT
1-CACHAGRKGGCRSTAKWGS	STREME-1	chr13_89543209_89543228_-	35	53	+	22.30	CACTAGGTGGCGATAAGGG
1-CACHAGRKGGCRSTAKWGS	STREME-1	chr8_50293731_50293750_-	35	53	+	22.21	CACTAGGTGGCAGTGGAGT
1-CACHAGRKGGCRSTAKWGS	STREME-1	chr13_47301226_47301245_+	35	53	+	22.09	CACTAGAGGGCAGTGGTGC
1-CACHAGRKGGCRSTAKWGS	STREME-1	chr8_35850579_35850598_-	35	53	+	21.88	CACAAGAGGGCGCTCTAGG
1-CACHAGRKGGCRSTAKWGS	STREME-1	chr16_91936513_91936532_+	35	53	+	21.67	CACTAGAGGGCGCCATCAC
1-CACHAGRKGGCRSTAKWGS	STREME-1	chr11_77100318_77100337_+	35	53	+	21.53	CACACGAGGGCACTATCGG
1-CACHAGRKGGCRSTAKWGS	STREME-1	chr7_143153991_143154010_+	35	53	+	21.50	CACCAGGTGGCGCTCTTGT
1-CACHAGRKGGCRSTAKWGS	STREME-1	chr7_68369840_68369859_+	35	53	+	21.49	CACACGATGGCAGCATCGT
1-CACHAGRKGGCRSTAKWGS	STREME-1	chr18_33790239_33790258_-	35	53	+	21.45	CACCAGATGGCAGTACAGG
1-CACHAGRKGGCRSTAKWGS	STREME-1	chr4_151157133_151157152_+	35	53	+	21.24	CACCAGGTGGCGCTAAATG
1-CACHAGRKGGCRSTAKWGS	STREME-1	chr9_94738977_94738996_+	35	53	+	21.23	CACTAGGTGGCGCTCCTGA
1-CACHAGRKGGCRSTAKWGS	STREME-1	chr13_109213169_109213188_-	35	53	+	21.20	CACTAGGTGTCGCTCAAGC
1-CACHAGRKGGCRSTAKWGS	STREME-1	chr1_119087718_119087737_+	35	53	+	21.10	CACCAGGTGGCGATCTAAT
1-CACHAGRKGGCRSTAKWGS	STREME-1	chr14_12140095_12140114_-	35	53	+	21.00	CACTAGGGGGCGACAATGT
1-CACHAGRKGGCRSTAKWGS	STREME-1	chr3_50906150_50906169_-	35	53	+	20.99	CACGAGGGGGCAGCATTGC
1-CACHAGRKGGCRSTAKWGS	STREME-1	chr6_103697533_103697552_-	35	53	+	20.97	CACTAGAGGGCAGTCCTGC
1-CACHAGRKGGCRSTAKWGS	STREME-1	chr17_42603598_42603617_-	35	53	+	20.85	CACGAGATGGCGGGAGAGC
1-CACHAGRKGGCRSTAKWGS	STREME-1	chr15_101984508_101984527_-	35	53	+	20.83	CACTAGAGGGCAGCAGAGG
1-CACHAGRKGGCRSTAKWGS	STREME-1	chr9_51152589_51152608_-	35	53	+	20.76	CAGTAGAGGGCGCTCTAAG
1-CACHAGRKGGCRSTAKWGS	STREME-1	chr7_37357852_37357871_-	35	53	+	20.72	CACAAGAGGGCACTCGATG
1-CACHAGRKGGCRSTAKWGS	STREME-1	chr3_31146116_31146135_+	35	53	+	20.69	CACTAGAGGGCGCTAAGAG
1-CACHAGRKGGCRSTAKWGS	STREME-1	chr2_48886252_48886271_-	35	53	+	20.64	CAGCAGAGGGCAGTATTGC
1-CACHAGRKGGCRSTAKWGS	STREME-1	chr14_21120657_21120676_+	35	53	+	20.53	CACCAGATGGCGCTGTTTC
1-CACHAGRKGGCRSTAKWGS	STREME-1	chr1_86598680_86598699_+	35	53	+	20.52	CAGAAGGTGGCAGTGTAGC
1-CACHAGRKGGCRSTAKWGS	STREME-1	chr17_44261982_44262001_+	35	53	+	20.47	CAGAAGGTGGCGCCACCGC
1-CACHAGRKGGCRSTAKWGS	STREME-1	chr5_33033423_33033442_-	35	53	+	20.44	CACTAGGTGGCAGCAAATG
1-CACHAGRKGGCRSTAKWGS	STREME-1	chr19_52993223_52993242_-	35	53	+	20.31	CACCAGATGGCAGCAGAGG
1-CACHAGRKGGCRSTAKWGS	STREME-1	chr11_78838232_78838251_+	35	53	+	20.23	CATCAGGGGGCGCTCGCGC
1-CACHAGRKGGCRSTAKWGS	STREME-1	chr10_71422795_71422814_+	35	53	+	20.11	CACTAGGTGGCAGGCATGC
1-CACHAGRKGGCRSTAKWGS	STREME-1	chr13_110382723_110382742_+	35	53	+	20.10	CAGCAGAGGGCAGTCGAAG
1-CACHAGRKGGCRSTAKWGS	STREME-1	chr3_153655299_153655318_-	35	53	+	19.93	CACAAGAGGGCACTCTCGT
1-CACHAGRKGGCRSTAKWGS	STREME-1	chr9_15685383_15685402_+	35	53	+	19.90	CACAAGGGGGCAGCAAAGC
1-CACHAGRKGGCRSTAKWGS	STREME-1	chr18_19939543_19939562_-	35	53	+	19.86	CACTAGATGGCAATCTATA
1-CACHAGRKGGCRSTAKWGS	STREME-1	chr12_77000250_77000269_+	35	53	+	19.85	CAGCAGAGGGCACTATAGG
1-CACHAGRKGGCRSTAKWGS	STREME-1	chr7_118304994_118305013_+	35	53	+	19.80	CAGCAGGTGGCGCACGAGG
1-CACHAGRKGGCRSTAKWGS	STREME-1	chr17_73303410_73303429_+	35	53	+	19.75	CACCAGGGGGCAGTATTTC
1-CACHAGRKGGCRSTAKWGS	STREME-1	chr7_75910147_75910166_+	35	53	+	19.68	CACTAGATGGCACTGCTAA
1-CACHAGRKGGCRSTAKWGS	STREME-1	chr19_20345718_20345737_+	35	53	+	19.62	CACCAGGGGGCAGCATTGT
1-CACHAGRKGGCRSTAKWGS	STREME-1	chr2_160598019_160598038_+	35	53	+	19.60	CAGCAGGTGGCGGTGCAGG
1-CACHAGRKGGCRSTAKWGS	STREME-1	chr19_50185467_50185486_+	35	53	+	19.58	CAGCAGGTGGCGCTGTATC
1-CACHAGRKGGCRSTAKWGS	STREME-1	chr3_127971074_127971093_+	35	53	+	19.57	CACTGGGTGGCGCTGAAGC
1-CACHAGRKGGCRSTAKWGS	STREME-1	chr10_13016714_13016733_+	35	53	+	19.54	CACTGGAGGGCAGTATAGG
1-CACHAGRKGGCRSTAKWGS	STREME-1	chr1_103799500_103799519_+	35	53	+	19.49	CAGTAGATGGCAGGATTAG
1-CACHAGRKGGCRSTAKWGS	STREME-1	chr4_109729472_109729491_-	35	53	+	19.48	CACTAGGTGTCACTCTAGT
1-CACHAGRKGGCRSTAKWGS	STREME-1	chr12_92303369_92303388_+	35	53	+	19.31	CAGTAGATGGCAGCAAAAG
1-CACHAGRKGGCRSTAKWGS	STREME-1	chr16_22564764_22564783_+	35	53	+	19.30	CAGCAGGTGGCACTAGGGC
1-CACHAGRKGGCRSTAKWGS	STREME-1	chr10_8240449_8240468_-	35	53	+	19.26	CAGCAGGGGGCAGCATTGC
1-CACHAGRKGGCRSTAKWGS	STREME-1	chr9_49494116_49494135_+	35	53	+	19.16	CACTAGATGGCAGTCCCAG
1-CACHAGRKGGCRSTAKWGS	STREME-1	chr16_13117402_13117421_+	35	53	+	19.14	CGCTAGATGTCAGTATTAC
1-CACHAGRKGGCRSTAKWGS	STREME-1	chr16_72218208_72218227_+	35	53	+	19.12	CACCAGATGGCGCTCTGAG
1-CACHAGRKGGCRSTAKWGS	STREME-1	chr18_75606680_75606699_+	35	53	+	19.07	CACTAGAGGGCAGCATGAG
1-CACHAGRKGGCRSTAKWGS	STREME-1	chr11_109860808_109860827_-	35	53	+	19.01	CACACGGTGGCGCTCCTGC
1-CACHAGRKGGCRSTAKWGS	STREME-1	chr15_44836383_44836402_+	35	53	+	18.91	CACTAGATGGCAGAAGTAA
1-CACHAGRKGGCRSTAKWGS	STREME-1	chr8_41443744_41443763_+	35	53	+	18.90	CACTAGGTGGTAGTGTTTC
1-CACHAGRKGGCRSTAKWGS	STREME-1	chr4_47419748_47419767_+	35	53	+	18.84	CACCAGGGGGCAGTGCTGC
1-CACHAGRKGGCRSTAKWGS	STREME-1	chr2_165779073_165779092_+	35	53	+	18.77	CACTAGGTGGCAGTGTGAA
1-CACHAGRKGGCRSTAKWGS	STREME-1	chr7_86211545_86211564_-	35	53	+	18.58	CACTAGGGGGCAGAAGAGT
1-CACHAGRKGGCRSTAKWGS	STREME-1	chr9_80293243_80293262_+	35	53	+	18.58	CACTAGATGGTGCCGTTTG
1-CACHAGRKGGCRSTAKWGS	STREME-1	chr9_26776356_26776375_-	35	53	+	18.52	CACAAGGTGGCAGCGTCTA
1-CACHAGRKGGCRSTAKWGS	STREME-1	chr9_121458663_121458682_+	35	53	+	18.45	CACTGGGTGGCGCTAGCAG
1-CACHAGRKGGCRSTAKWGS	STREME-1	chr4_81178870_81178889_+	35	53	+	18.18	CACATGGTGGCGCTGGCGC
1-CACHAGRKGGCRSTAKWGS	STREME-1	chr2_73550987_73551006_+	35	53	+	18.16	CACCAGAGGGCACTGCTGC
1-CACHAGRKGGCRSTAKWGS	STREME-1	chr16_42169923_42169942_+	35	53	+	18.13	CAGCAGGTGGCGCCAGAGA
1-CACHAGRKGGCRSTAKWGS	STREME-1	chr7_110645569_110645588_-	35	53	+	18.13	CAGCAGGTGGCAGCAGAGG
1-CACHAGRKGGCRSTAKWGS	STREME-1	chr13_57260100_57260119_-	35	53	+	18.12	CGCCAGAGGGCAGTAAAGG
1-CACHAGRKGGCRSTAKWGS	STREME-1	chr16_72215914_72215933_-	35	53	+	18.09	CACAAGGTGGCAGAATAAG
1-CACHAGRKGGCRSTAKWGS	STREME-1	chr11_57467954_57467973_-	35	53	+	18.07	CAGCAGGTGGCAGTGCTGC
1-CACHAGRKGGCRSTAKWGS	STREME-1	chr2_27770359_27770378_+	35	53	+	18.05	CACGAGAGGGCAGCATCAC
1-CACHAGRKGGCRSTAKWGS	STREME-1	chr15_59389408_59389427_+	35	53	+	17.96	CACTAGATGGCATCAGAGC
1-CACHAGRKGGCRSTAKWGS	STREME-1	chr2_13278190_13278209_+	35	53	+	17.94	CACTAGATGGTGCTCATAC
1-CACHAGRKGGCRSTAKWGS	STREME-1	chr1_5905000_5905019_-	35	53	+	17.91	CACTAGGTGGTGCTAAAAG
1-CACHAGRKGGCRSTAKWGS	STREME-1	chr11_113165297_113165316_-	35	53	+	17.90	CACTTGATGGCGCTGTGGC
1-CACHAGRKGGCRSTAKWGS	STREME-1	chr1_120586652_120586671_+	35	53	+	17.86	CACACGATGGCGCCAGAAA
1-CACHAGRKGGCRSTAKWGS	STREME-1	chr4_63368767_63368786_+	35	53	+	17.84	CAGCAGGTGGCAGCACAGC
1-CACHAGRKGGCRSTAKWGS	STREME-1	chr3_57843966_57843985_+	35	53	+	17.82	CACTAGGTGTCAGCAGTGT
1-CACHAGRKGGCRSTAKWGS	STREME-1	chr1_11657891_11657910_+	35	53	+	17.76	CACCAGGGGGTGCTAGTGC
1-CACHAGRKGGCRSTAKWGS	STREME-1	chr1_144380203_144380222_-	35	53	+	17.70	CACTAGAGGGCAGAAAAGT
1-CACHAGRKGGCRSTAKWGS	STREME-1	chr2_93199043_93199062_-	35	53	+	17.68	CACAAGGTGGCAGCACAGA
1-CACHAGRKGGCRSTAKWGS	STREME-1	chr14_76473593_76473612_-	35	53	+	17.65	CAGCAGGTGGCGCCAACAC
1-CACHAGRKGGCRSTAKWGS	STREME-1	chr4_32572297_32572316_-	35	53	+	17.55	CAGCAGATGGCAATGTAAG
1-CACHAGRKGGCRSTAKWGS	STREME-1	chr16_72980048_72980067_-	35	53	+	17.53	CAGCAGATGGCGACAAAGA
1-CACHAGRKGGCRSTAKWGS	STREME-1	chr9_103996707_103996726_-	35	53	+	17.41	CAGCAGGTGGCAGCACAAC
1-CACHAGRKGGCRSTAKWGS	STREME-1	chr6_31660939_31660958_+	35	53	+	17.24	CACCAGAGGGCGAGAAAGC
1-CACHAGRKGGCRSTAKWGS	STREME-1	chr16_64748436_64748455_-	35	53	+	17.24	CACACGGTGGCGATGCTGT
1-CACHAGRKGGCRSTAKWGS	STREME-1	chr1_126993483_126993502_-	35	53	+	17.06	CAGTAGATGGTGCTAGAGA
1-CACHAGRKGGCRSTAKWGS	STREME-1	chr2_113494885_113494904_+	35	53	+	16.98	CACTAGAGGGCAGGCTGAC
1-CACHAGRKGGCRSTAKWGS	STREME-1	chr2_118638274_118638293_+	35	53	+	16.91	CACTGGAGGGCACTGTTGG
1-CACHAGRKGGCRSTAKWGS	STREME-1	chr6_101261721_101261740_-	35	53	+	16.86	CAGAAGGTGGCGCTGTGAT
1-CACHAGRKGGCRSTAKWGS	STREME-1	chr15_80704514_80704533_-	35	53	+	16.81	CACAAGGTGTCAGCCGTTC
1-CACHAGRKGGCRSTAKWGS	STREME-1	chr15_32766466_32766485_-	35	53	+	16.77	CACTAGGGGGCAAGCATGG
1-CACHAGRKGGCRSTAKWGS	STREME-1	chr6_13281045_13281064_-	35	53	+	16.73	CACTAGGTGGCAGTACACT
1-CACHAGRKGGCRSTAKWGS	STREME-1	chr1_135136682_135136701_-	35	53	+	16.59	CACAAGAGGGCAGTGGTTT
1-CACHAGRKGGCRSTAKWGS	STREME-1	chr4_83596673_83596692_-	35	53	+	16.43	CAGCAGAGGGTGCTATAGC
1-CACHAGRKGGCRSTAKWGS	STREME-1	chr1_78724639_78724658_+	35	53	+	16.37	CACTGGATGGCGGAGGAAC
1-CACHAGRKGGCRSTAKWGS	STREME-1	chr16_71247683_71247702_+	35	53	+	16.37	CAGGAGAGGGCGCGCACGC
1-CACHAGRKGGCRSTAKWGS	STREME-1	chr10_70963778_70963797_-	35	53	+	16.24	CACTAGGTGGTGCTCATTC
1-CACHAGRKGGCRSTAKWGS	STREME-1	chr3_113080921_113080940_-	35	53	+	16.16	CACACGGGGGCAATGTTGT
1-CACHAGRKGGCRSTAKWGS	STREME-1	chr7_125393828_125393847_-	35	53	+	15.98	CGCTAGGGGGCACCCAGGC
1-CACHAGRKGGCRSTAKWGS	STREME-1	chr9_60245108_60245127_+	35	53	+	15.91	CACTAGATGTCGCTGCCAA
1-CACHAGRKGGCRSTAKWGS	STREME-1	chr19_30217496_30217515_+	35	53	+	15.88	CAGAAGATGGCAGGGTTGA
1-CACHAGRKGGCRSTAKWGS	STREME-1	chr7_138835213_138835232_-	35	53	+	15.76	CACAGGGTGGCACTCTTGT
1-CACHAGRKGGCRSTAKWGS	STREME-1	chr7_129649153_129649172_+	35	53	+	15.65	CAGCAGAGGGCAGCAAAGA
1-CACHAGRKGGCRSTAKWGS	STREME-1	chr10_5161751_5161770_-	35	53	+	15.59	CACATGAGGGCGCTGTTGT
1-CACHAGRKGGCRSTAKWGS	STREME-1	chr7_101653810_101653829_+	35	53	+	15.58	CACAAGATGTCAGTGTTTC
1-CACHAGRKGGCRSTAKWGS	STREME-1	chr10_57448112_57448131_-	35	53	+	15.33	CACAGGGGGGCAGCGCAGT
1-CACHAGRKGGCRSTAKWGS	STREME-1	chr10_106609231_106609250_+	35	53	+	15.18	CACAAGAGGGCAACCAATG
1-CACHAGRKGGCRSTAKWGS	STREME-1	chr5_49961991_49962010_-	35	53	+	14.63	CACACGGTGGCAGCAGCTG
1-CACHAGRKGGCRSTAKWGS	STREME-1	chr17_86906315_86906334_-	35	53	+	14.54	CAGAAGATGGCGAGCAAAG
1-CACHAGRKGGCRSTAKWGS	STREME-1	chr16_89765679_89765698_-	35	53	+	14.44	CAGTGGAGGGCGCTCATTC
1-CACHAGRKGGCRSTAKWGS	STREME-1	chr7_118102436_118102455_-	35	53	+	14.41	CACTAGGTGACAGCACAGG
1-CACHAGRKGGCRSTAKWGS	STREME-1	chr5_7996900_7996919_-	35	53	+	14.28	CATTAGGTGGCAGAAGAAC
1-CACHAGRKGGCRSTAKWGS	STREME-1	chr8_36523116_36523135_-	35	53	+	14.22	CAGAAGAGGGCAGTCTCTC
1-CACHAGRKGGCRSTAKWGS	STREME-1	chr2_160593216_160593235_-	35	53	+	13.99	CACCAGGTGGTGCTGTGGT
1-CACHAGRKGGCRSTAKWGS	STREME-1	chr1_119083843_119083862_-	35	53	+	13.95	CACCAGAGGGCAGAAGAAA
1-CACHAGRKGGCRSTAKWGS	STREME-1	chr13_51830906_51830925_+	35	53	+	13.80	CACTAGAGGGTGCTGTGGA
1-CACHAGRKGGCRSTAKWGS	STREME-1	chr16_41244916_41244935_-	35	53	+	13.74	CAGTTGAGGGCAGAATTGC
1-CACHAGRKGGCRSTAKWGS	STREME-1	chr5_117504620_117504639_+	35	53	+	13.52	CACAAGAGGGCAGAAGGAG
1-CACHAGRKGGCRSTAKWGS	STREME-1	chr2_155811901_155811920_-	35	53	+	13.52	CACGGGAGGGCAGCAGAGA
1-CACHAGRKGGCRSTAKWGS	STREME-1	chr12_78056172_78056191_+	35	53	+	13.51	CGCAAGATGGCAGGCTTTA
#
2-RTTGCAGTTCTM	STREME-2	chr19_30217496_30217515_+	15	26	+	19.12	ATTGCAGTTCTC
2-RTTGCAGTTCTM	STREME-2	chr7_37357852_37357871_-	11	22	-	18.81	ATCGCAGTTCTA
2-RTTGCAGTTCTM	STREME-2	chr3_153655299_153655318_-	14	25	+	17.47	CTTGCAGTTCTC
2-RTTGCAGTTCTM	STREME-2	chr6_100882571_100882590_+	15	26	+	16.56	GTTGCAGTTCAC
2-RTTGCAGTTCTM	STREME-2	chr1_119087718_119087737_+	11	22	-	15.94	ATTACAGTTCCC
2-RTTGCAGTTCTM	STREME-2	chr5_7996900_7996919_-	14	25	+	15.89	GTTGCAGTTACA
2-RTTGCAGTTCTM	STREME-2	chr6_31660939_31660958_+	14	25	+	15.71	GTTGCAGTGCTA
2-RTTGCAGTTCTM	STREME-2	chr2_13278190_13278209_+	10	21	-	15.28	ATTACAGTTACC
2-RTTGCAGTTCTM	STREME-2	chr11_77100318_77100337_+	15	26	+	14.75	CTTGCAGTTCTG
2-RTTGCAGTTCTM	STREME-2	chr1_11657891_11657910_+	60	71	+	14.35	TTTGCAGTTTTC
2-RTTGCAGTTCTM	STREME-2	chr3_22309169_22309188_+	15	26	+	14.22	ATTGCAATTTTA
#
3-AACGCAGTWTTTCHNNGG	STREME-3	chr11_77100318_77100337_+	61	78	+	28.69	AACGCAGTATTTCCGTGG
3-AACGCAGTWTTTCHNNGG	STREME-3	chr17_86906315_86906334_-	13	30	-	23.30	AAAGCAGTATTGCTACCG
3-AACGCAGTWTTTCHNNGG	STREME-3	chr4_110022428_110022447_-	5	22	-	22.27	AACGCCGTTCTTCTTGGG
3-AACGCAGTWTTTCHNNGG	STREME-3	chr13_42822766_42822785_-	1	18	+	22.05	AACGCAGTTGTTCACATG
3-AACGCAGTWTTTCHNNGG	STREME-3	chr14_87452272_87452291_-	58	75	-	21.32	AATGCAGTATTTTACTAG
3-AACGCAGTWTTTCHNNGG	STREME-3	chr12_40837731_40837750_+	41	58	+	19.26	ATGGCAGTATCTGCACGG
#
4-AGAGGGAGCDATW	STREME-4	chr16_64748436_64748455_-	11	23	+	23.00	AGCGGGAGCGATT
4-AGAGGGAGCDATW	STREME-4	chr1_89631938_89631957_-	39	51	+	20.36	AGAGGGAGCTATA
4-AGAGGGAGCDATW	STREME-4	chr8_119384731_119384750_-	39	51	+	18.50	AGAGGGGGCTATT
4-AGAGGGAGCDATW	STREME-4	chr6_100882571_100882590_+	39	51	+	17.58	AGAGGGAGCACGA
4-AGAGGGAGCDATW	STREME-4	chr5_131430336_131430355_-	39	51	+	17.31	AGAGGGAGCCATG
